agent,backup_type,seed,episode,train_return,eval_return,avg_max_q,episode_length,eval_length,loss,mellowmax_omega,action_repeat,num_custom_actions
DQN,dqn,0,1,-72.00000000000057,,0.03449647380411625,250,,,,4,9
DQN,dqn,0,2,-73.40000000000033,,0.03518029611557722,250,,,,4,9
DQN,dqn,0,3,-24.200000000000024,,-0.07522306510029321,94,,0.07941500000331712,,4,9
DQN,dqn,0,4,-92.99999999999966,,-0.17966370022296904,250,,0.0659850352103748,,4,9
DQN,dqn,0,5,-79.00000000000074,,-0.2854464204907417,250,,0.06274670149169621,,4,9
DQN,dqn,0,6,-63.60000000000046,,-0.3522724188193679,250,,0.049465384216062606,,4,9
DQN,dqn,0,7,-88.80000000000021,,-0.4939908282458782,250,,0.039852302085848584,,4,9
DQN,dqn,0,8,-86.00000000000041,,-0.436212888687849,250,,0.037608607435628535,,4,9
DQN,dqn,0,9,-81.80000000000071,,-0.5131836718283593,250,,0.052142738725148866,,4,9
DQN,dqn,0,10,-79.00000000000026,,-0.47032830545306203,250,,0.04803470770517985,,4,9
DQN,dqn,0,11,-84.60000000000058,,-0.6182415063232184,250,,0.04064439418875883,,4,9
DQN,dqn,0,12,-76.20000000000073,,-0.628729751965031,250,,0.042021822494765125,,4,9
DQN,dqn,0,13,-33.00000000000003,,1.0401862963282187,109,,0.03951361499450825,,4,9
DQN,dqn,0,14,-90.2000000000002,,-0.9272093628793955,250,,0.06356980804834635,,4,9
DQN,dqn,0,15,-74.8000000000003,,-0.23689890164136887,250,,0.054466892388604936,,4,9
DQN,dqn,0,16,-84.60000000000075,,-0.6209437439143658,250,,0.04800125450316456,,4,9
DQN,dqn,0,17,-32.59999999999993,,-0.1104621817864994,101,,0.04024990390126522,,4,9
DQN,dqn,0,18,-84.6000000000005,,-0.7493485696464777,250,,0.05451755616213045,,4,9
DQN,dqn,0,19,-94.39999999999952,,-1.2768130351901055,250,,0.05842530858954267,,4,9
DQN,dqn,0,20,-86.0000000000006,-32.692307692308525,-1.0664537964910268,250,250.0,0.050795996351347815,,4,9
DQN,dqn,0,21,-87.40000000000055,,-1.3391349724680186,250,,0.04602114655195721,,4,9
DQN,dqn,0,22,-91.60000000000011,,-1.4306653764247894,250,,0.05374643819466714,,4,9
DQN,dqn,0,23,-91.60000000000016,,-1.3204894170165062,250,,0.05938668581583197,,4,9
DQN,dqn,0,24,-84.60000000000059,,-1.0680054628774525,250,,0.058505794784474756,,4,9
DQN,dqn,0,25,-90.2000000000001,,-1.2162533713653683,250,,0.05382832935050366,,4,9
DQN,dqn,0,26,-88.8000000000004,,-1.709850637078285,250,,0.05839258907062392,,4,9
DQN,dqn,0,27,-92.99999999999983,,-1.3485306046456098,250,,0.059761619047513086,,4,9
DQN,dqn,0,28,-84.60000000000068,,-1.612872107565403,250,,0.053930156143201936,,4,9
DQN,dqn,0,29,-84.60000000000075,,-1.1498064832165837,250,,0.05588769269663663,,4,9
DQN,dqn,0,30,-52.39999999999944,,-1.3136665140241384,250,,0.0596677660641651,,4,9
DQN,dqn,0,31,-87.40000000000038,,-1.3694411330223084,250,,0.07083820652157541,,4,9
DQN,dqn,0,32,-90.20000000000063,,-2.0857474209070204,250,,0.06877349479304205,,4,9
DQN,dqn,0,33,-92.99999999999962,,-2.21172068965435,250,,0.0690567617615064,,4,9
DQN,dqn,0,34,-72.0000000000007,,-0.6049490447491407,250,,0.07699985156256345,,4,9
DQN,dqn,0,35,-80.40000000000063,,-1.5486126869767904,250,,0.08278741598838851,,4,9
DQN,dqn,0,36,-83.20000000000074,,-1.8345074391961098,250,,0.08533442585218337,,4,9
DQN,dqn,0,37,-79.00000000000058,,-1.3363448742181063,250,,0.07795863781893064,,4,9
DQN,dqn,0,38,-76.20000000000053,,-0.7611623713504523,250,,0.09347837042784499,,4,9
DQN,dqn,0,39,-84.60000000000075,,-2.208718170583248,250,,0.10675511787098552,,4,9
DQN,dqn,0,40,-74.80000000000075,-64.74358974359032,-1.5602892769575119,250,250.0,0.10533325163827788,,4,9
DQN,dqn,0,41,-53.800000000000395,,-1.3364514983091504,250,,0.0993907663912054,,4,9
DQN,dqn,0,42,-87.40000000000035,,-2.557209733247757,250,,0.10174057548565249,,4,9
DQN,dqn,0,43,-87.40000000000072,,-2.2074670538008214,250,,0.12029979407550796,,4,9
DQN,dqn,0,44,-48.19999999999905,,-1.308972696237266,250,,0.11946931523421118,,4,9
DQN,dqn,0,45,-66.39999999999955,,-1.8566844529211521,250,,0.10598462210997703,,4,9
DQN,dqn,0,46,-41.199999999999086,,-0.8066171234026551,250,,0.11823494191611966,,4,9
DQN,dqn,0,47,-74.80000000000025,,-1.9952670357227325,250,,0.115939483578716,,4,9
DQN,dqn,0,48,-73.40000000000006,,0.5885648079812527,250,,0.111835673331253,,4,9
DQN,dqn,0,49,-58.00000000000059,,-2.7829320881962776,250,,0.11845301286805243,,4,9
DQN,dqn,0,50,-70.60000000000039,,-2.8544429234564306,250,,0.12417399180271933,,4,9
DQN,dqn,0,51,-74.8000000000007,,-2.8767754888534545,250,,0.11885498026533732,,4,9
DQN,dqn,0,52,-35.599999999996,,-1.5104563471078873,250,,0.149177166182668,,4,9
DQN,dqn,0,53,-31.399999999997107,,0.7156256211996078,250,,0.10453273131260796,,4,9
DQN,dqn,0,54,39.99999999999159,,0.18645399056375025,250,,0.12075625828677608,,4,9
DQN,dqn,0,55,42.80000000000308,,-0.1528535231370479,250,,0.13080929361638569,,4,9
DQN,dqn,0,56,-38.400000000000226,,-0.5845496297478676,250,,0.11359263529940959,,4,9
DQN,dqn,0,57,-13.199999999996066,,-1.4311417686641217,250,,0.1186414538986153,,4,9
DQN,dqn,0,58,-55.199999999997665,,-2.897706288933754,250,,0.13267257893758436,,4,9
DQN,dqn,0,59,-49.600000000000286,,-0.018229873299598694,250,,0.13845246740513378,,4,9
DQN,dqn,0,60,-11.799999999997034,140.38461538461974,-0.7112676768302918,250,250.0,0.12928201859035798,,4,9
DQN,dqn,0,61,37.19999999999745,,3.7259967482089995,250,,0.12757986778068164,,4,9
DQN,dqn,0,62,3.6000000000035683,,1.5306173906177283,250,,0.13265721728244134,,4,9
DQN,dqn,0,63,-62.19999999999986,,-2.4074244416356088,250,,0.17098570473137356,,4,9
DQN,dqn,0,64,-27.199999999999726,,-1.1876073570884764,250,,0.1604305568241304,,4,9
DQN,dqn,0,65,-43.99999999999991,,-1.4115515477657319,250,,0.15659225743914407,,4,9
DQN,dqn,0,66,-14.599999999996925,,-0.8795702410340309,250,,0.1512503936406105,,4,9
DQN,dqn,0,67,0.8000000000026404,,0.5145833879709244,250,,0.14389552276522394,,4,9
DQN,dqn,0,68,-81.80000000000072,,-2.4278251687288286,250,,0.1580948193347262,,4,9
DQN,dqn,0,69,-35.59999999999582,,-1.4510921007096766,250,,0.1561278516337985,,4,9
DQN,dqn,0,70,18.99999999999936,,0.1658790915608406,250,,0.15673333706875,,4,9
DQN,dqn,0,71,5.0000000000032045,,0.36661730432510375,250,,0.18954821699668492,,4,9
DQN,dqn,0,72,-45.399999999998634,,-0.898310512855649,250,,0.16608854130871833,,4,9
DQN,dqn,0,73,39.99999999998917,,1.7128302802443505,250,,0.15906609937785163,,4,9
DQN,dqn,0,74,91.79999999999359,,1.0946403615623712,250,,0.1692260668402718,,4,9
DQN,dqn,0,75,17.600000000003497,,0.8158058205470443,250,,0.1827032265682069,,4,9
DQN,dqn,0,76,-48.199999999997004,,-2.3784874878525732,250,,0.17695643115908868,,4,9
DQN,dqn,0,77,163.19999999999627,,3.57763610252738,250,,0.17689816086065202,,4,9
DQN,dqn,0,78,122.5999999999957,,3.8997645943164825,250,,0.17439230399266367,,4,9
DQN,dqn,0,79,62.39999999999283,,1.461505057953298,250,,0.1881338535320191,,4,9
DQN,dqn,0,80,32.99999999998829,313.46153846153004,4.284634043872356,250,250.0,0.20243229620879696,,4,9
DQN,dqn,0,81,0.7999999999920249,,0.3694659930318594,250,,0.19121711630196797,,4,9
DQN,dqn,0,82,76.39999999999816,,4.441735656201839,250,,0.18876169093193546,,4,9
DQN,dqn,0,83,48.40000000000279,,2.1872083293125035,250,,0.21894912007782194,,4,9
DQN,dqn,0,84,-15.999999999995893,,-2.0650481190681456,250,,0.21786958303663037,,4,9
DQN,dqn,0,85,62.39999999999331,,3.85865954631567,250,,0.2098565867968968,,4,9
DQN,dqn,0,86,-17.399999999995927,,-0.616877102136612,250,,0.22917761773832382,,4,9
DQN,dqn,0,87,100.1999999999909,,2.720471628546715,250,,0.2533349335666687,,4,9
DQN,dqn,0,88,-50.99999999999787,,-1.401332334652543,250,,0.23523218256811942,,4,9
DQN,dqn,0,89,-36.9999999999957,,-2.115646450638771,250,,0.22739237617878688,,4,9
DQN,dqn,0,90,-74.80000000000078,,-2.5500798835009335,250,,0.2192332366060826,,4,9
DQN,dqn,0,91,136.59999999999928,,3.8767450838238,250,,0.24756852123472425,,4,9
DQN,dqn,0,92,-67.8000000000005,,-3.3412584645487367,250,,0.23518371750270167,,4,9
DQN,dqn,0,93,-36.799999999996906,,-1.5665558939709248,206,,0.24247696479925743,,4,9
DQN,dqn,0,94,93.19999999999078,,3.7013503347747028,250,,0.2521155089620621,,4,9
DQN,dqn,0,95,-39.7999999999978,,-1.615589632153511,250,,0.26399062999657225,,4,9
DQN,dqn,0,96,56.79999999999424,,2.2485418187230826,250,,0.26015915289040537,,4,9
DQN,dqn,0,97,-72.40000000000063,,-2.5797615764218396,239,,0.26326187948385876,,4,9
DQN,dqn,0,98,-31.399999999995764,,-2.373894523262978,250,,0.2555862792557286,,4,9
DQN,dqn,0,99,37.2000000000025,,3.8352564043700696,250,,0.26717762365227654,,4,9
DQN,dqn,0,100,5.0000000000023945,-32.692307692308496,1.8531086883544923,250,250.0,0.25598816333278535,,4,9
DQN,dqn,0,101,42.79999999998827,,3.6485799907147882,250,,0.26524293138867333,,4,9
DQN,dqn,0,102,87.59999999999926,,3.811185607366264,250,,0.23546766886307346,,4,9
DQN,dqn,0,103,-59.39999999999687,,-2.6603550944775343,250,,0.27478873386742575,,4,9
DQN,dqn,0,104,16.200000000002916,,3.1693974315822127,250,,0.28038917361728605,,4,9
DQN,dqn,0,105,27.399999999991174,,3.436573974072933,250,,0.2582255902271422,,4,9
DQN,dqn,0,106,23.199999999988577,,4.756052487775683,250,,0.2701930461391326,,4,9
DQN,dqn,0,107,6.399999999984992,,5.392292956545949,250,,0.2955455395673949,,4,9
DQN,dqn,0,108,-35.59999999999547,,-2.203369091413915,250,,0.3113903513839168,,4,9
DQN,dqn,0,109,31.599999999995653,,0.7458990718573332,250,,0.2801216478858675,,4,9
DQN,dqn,0,110,-48.19999999999535,,-3.7265090873241427,250,,0.27902631317415544,,4,9
DQN,dqn,0,111,6.400000000003644,,6.60416322684288,250,,0.30047797068716986,,4,9
DQN,dqn,0,112,0.8000000000038341,,5.677060306698084,250,,0.2851864693145598,,4,9
DQN,dqn,0,113,77.8000000000005,,6.480248609542847,250,,0.2940286293862358,,4,9
DQN,dqn,0,114,-7.600000000007476,,-1.9052180972099304,250,,0.2821842333482158,,4,9
DQN,dqn,0,115,10.600000000003696,,4.6838981934711335,250,,0.31700426517497926,,4,9
DQN,dqn,0,116,28.799999999986653,,2.0609936533607542,250,,0.319867669574676,,4,9
DQN,dqn,0,117,10.599999999999227,,3.268623269677162,250,,0.30730023246908944,,4,9
DQN,dqn,0,118,-1.399999999998066,,5.228942611953244,128,,0.3290923614986241,,4,9
DQN,dqn,0,119,-18.799999999995986,,3.451832914292812,250,,0.32465773051784885,,4,9
DQN,dqn,0,120,10.600000000003739,294.2307692307588,2.571441386818886,250,250.0,0.35243039542720433,,4,9
DQN,dqn,0,121,80.59999999999641,,3.0442553490069697,250,,0.35976445362452536,,4,9
DQN,dqn,0,122,123.99999999999625,,6.3488729826062915,250,,0.3742827106089819,,4,9
DQN,dqn,0,123,54.00000000000176,,4.5037231737524275,250,,0.35923233291795176,,4,9
DQN,dqn,0,124,59.599999999988086,,6.8869872492551805,250,,0.381319848554475,,4,9
DQN,dqn,0,125,-7.600000000014461,,-1.310998835578561,250,,0.3605937815962299,,4,9
DQN,dqn,0,126,49.80000000000292,,2.663504254117608,250,,0.3544548541780502,,4,9
DQN,dqn,0,127,86.19999999999342,,6.293222296178341,250,,0.3947839114454485,,4,9
DQN,dqn,0,128,-22.99999999999592,,-2.3405725812911986,250,,0.3824125076570208,,4,9
DQN,dqn,0,129,34.40000000000063,,5.345789398953318,250,,0.3687909577162035,,4,9
DQN,dqn,0,130,126.79999999999808,,7.6681585285663605,250,,0.3801375383895541,,4,9
DQN,dqn,0,131,-62.19999999999885,,-3.6384531626701353,250,,0.431423140389304,,4,9
DQN,dqn,0,132,30.19999999998683,,1.0532137069702148,250,,0.4754586908079329,,4,9
DQN,dqn,0,133,98.80000000000217,,6.49688033515215,250,,0.39645968161283,,4,9
DQN,dqn,0,134,6.3999999999848285,,-0.8902430629730225,250,,0.3961838616265191,,4,9
DQN,dqn,0,135,74.99999999999588,,7.15757490336895,250,,0.4399292843957101,,4,9
DQN,dqn,0,136,52.59999999998763,,6.418576601624489,250,,0.4803441800768413,,4,9
DQN,dqn,0,137,118.40000000000032,,8.18606268261373,250,,0.43816590261074806,,4,9
DQN,dqn,0,138,3.600000000002396,,7.793439686581492,250,,0.4127322284002153,,4,9
DQN,dqn,0,139,79.19999999999399,,8.735110178351402,250,,0.4652380342445066,,4,9
DQN,dqn,0,140,7.799999999991613,316.66666666665645,1.0714903736114503,250,250.0,0.4327379178906244,,4,9
DQN,dqn,0,141,81.9999999999901,,9.173773421406747,250,,0.4599432503023455,,4,9
DQN,dqn,0,142,24.600000000003497,,3.2512216111421584,250,,0.4480649985018231,,4,9
DQN,dqn,0,143,7.79999999999734,,9.645598351031541,250,,0.4488257946025941,,4,9
DQN,dqn,0,144,21.800000000000047,,7.457979115465656,250,,0.4624571790770879,,4,9
DQN,dqn,0,145,-27.199999999995633,,-1.6639232808947564,250,,0.42612170379969383,,4,9
DQN,dqn,0,146,20.399999999989788,,2.561454742193222,250,,0.42448449182131937,,4,9
DQN,dqn,0,147,-20.200000000004707,,-0.667151912689209,250,,0.44746618261260374,,4,9
DQN,dqn,0,148,101.59999999999286,,10.248920032739639,250,,0.44431089763603515,,4,9
DQN,dqn,0,149,20.399999999986093,,1.4419825096130372,250,,0.4867538151241118,,4,9
DQN,dqn,0,150,-34.20000000000054,,-0.2249303036928177,250,,0.4385301915426103,,4,9
Double DQN,double_dqn,0,1,-72.00000000000057,,0.03449647380411625,250,,,,4,9
Double DQN,double_dqn,0,2,-73.40000000000033,,0.03518029611557722,250,,,,4,9
Double DQN,double_dqn,0,3,-24.200000000000024,,-0.09575806827621257,94,,0.08039241397510404,,4,9
Double DQN,double_dqn,0,4,-92.99999999999966,,-0.22937139123678207,250,,0.06586806464289861,,4,9
Double DQN,double_dqn,0,5,-60.80000000000061,,-0.32001924753189087,250,,0.06291527971024474,,4,9
Double DQN,double_dqn,0,6,-88.80000000000052,,-0.5901542955636978,250,,0.05578775851735993,,4,9
Double DQN,double_dqn,0,7,-88.80000000000021,,-0.6069178196452558,250,,0.03895346033236673,,4,9
Double DQN,double_dqn,0,8,-77.60000000000039,,-0.3286244014296681,250,,0.03665641052204938,,4,9
Double DQN,double_dqn,0,9,-81.80000000000071,,-0.7083317266907543,250,,0.051737236835423014,,4,9
Double DQN,double_dqn,0,10,-73.40000000000045,,-0.6008463332764804,250,,0.05457967623240418,,4,9
Double DQN,double_dqn,0,11,-79.00000000000034,,-0.7579159172549844,250,,0.048489202204490864,,4,9
Double DQN,double_dqn,0,12,-88.79999999999963,,-0.9117418323159218,250,,0.04521213322582226,,4,9
Double DQN,double_dqn,0,13,-90.20000000000016,,-0.9730409611612558,250,,0.045374559554001014,,4,9
Double DQN,double_dqn,0,14,-90.2000000000001,,-1.1547840837687253,250,,0.048282475195943364,,4,9
Double DQN,double_dqn,0,15,-83.20000000000054,,-1.2363130545020105,250,,0.04272237516218616,,4,9
Double DQN,double_dqn,0,16,-88.80000000000024,,-1.1783310615718365,250,,0.043852341050903,,4,9
Double DQN,double_dqn,0,17,-81.80000000000074,,-1.3410696950331331,250,,0.04803447873001137,,4,9
Double DQN,double_dqn,0,18,-73.40000000000038,,-1.0423434423059226,250,,0.04595642365396969,,4,9
Double DQN,double_dqn,0,19,-79.00000000000026,,-1.0051259880959988,250,,0.04051360711755772,,4,9
Double DQN,double_dqn,0,20,-88.8000000000003,-61.538461538462215,-1.3867649208307267,250,250.0,0.04293905253270789,,4,9
Double DQN,double_dqn,0,21,-84.60000000000073,,-1.6353501483108848,250,,0.050038140056835066,,4,9
Double DQN,double_dqn,0,22,-88.80000000000061,,-1.737571480423212,250,,0.048636151241168143,,4,9
Double DQN,double_dqn,0,23,-58.40000000000059,,-1.0313079150064903,204,,0.04712043795734644,,4,9
Double DQN,double_dqn,0,24,-81.80000000000072,,-1.3085000299364329,250,,0.04558593997611634,,4,9
Double DQN,double_dqn,0,25,-63.00000000000013,,-0.7419127024089297,198,,0.046802019365131856,,4,9
Double DQN,double_dqn,0,26,-63.600000000000186,,-0.7057714057788252,250,,0.06572298732616248,,4,9
Double DQN,double_dqn,0,27,-67.8000000000005,,-1.5903268951084464,250,,0.06176182914466139,,4,9
Double DQN,double_dqn,0,28,-44.400000000000354,,-1.3419120246158724,169,,0.06568284714150996,,4,9
Double DQN,double_dqn,0,29,-31.39999999999644,,-0.699869693826884,250,,0.06012153598449884,,4,9
Double DQN,double_dqn,0,30,-67.80000000000086,,-1.2190498401224614,250,,0.07788987336532464,,4,9
Double DQN,double_dqn,0,31,-83.20000000000067,,-2.16095743393898,250,,0.07997145221358345,,4,9
Double DQN,double_dqn,0,32,-15.400000000000539,,-1.0827463016612455,128,,0.07793096918612719,,4,9
Double DQN,double_dqn,0,33,-63.600000000000385,,-1.156363011546433,250,,0.07747904696161785,,4,9
Double DQN,double_dqn,0,34,-49.60000000000098,,-1.0510514378547668,250,,0.08964671494980012,,4,9
Double DQN,double_dqn,0,35,-87.60000000000045,,-1.3736358542487888,242,,0.0927111319586879,,4,9
Double DQN,double_dqn,0,36,-55.20000000000062,,-1.731220807677135,250,,0.08702916802177506,,4,9
Double DQN,double_dqn,0,37,-84.6000000000007,,-2.2332411988824608,250,,0.08187844876259093,,4,9
Double DQN,double_dqn,0,38,-80.4000000000007,,-2.689658744305372,250,,0.09136335930276301,,4,9
Double DQN,double_dqn,0,39,-76.20000000000073,,-2.723597478032112,250,,0.09789454954720679,,4,9
Double DQN,double_dqn,0,40,-35.59999999999745,-19.87179487179569,-1.7919632039368152,250,250.0,0.09231161485396085,,4,9
Double DQN,double_dqn,0,41,-66.4000000000006,,-2.533010082505643,250,,0.08065224320642532,,4,9
Double DQN,double_dqn,0,42,-80.40000000000074,,-1.4950751338675619,250,,0.08215198882164494,,4,9
Double DQN,double_dqn,0,43,-72.00000000000026,,-1.448926893673837,250,,0.10051425073354964,,4,9
Double DQN,double_dqn,0,44,-36.999999999995566,,-0.6242472418174148,250,,0.11556813030713989,,4,9
Double DQN,double_dqn,0,45,-56.59999999999921,,-1.9860659393668174,250,,0.09720240536308478,,4,9
Double DQN,double_dqn,0,46,-41.199999999997075,,-1.0849255389794707,250,,0.10534694883972406,,4,9
Double DQN,double_dqn,0,47,-42.60000000000113,,-1.3897732994779946,250,,0.1371900791095363,,4,9
Double DQN,double_dqn,0,48,-1.000000000000135,,-0.554304656490945,57,,0.12701782690627234,,4,9
Double DQN,double_dqn,0,49,-41.19999999999789,,-1.7276284354031086,250,,0.1206266058697587,,4,9
Double DQN,double_dqn,0,50,-32.799999999995855,,-2.0227755400799214,250,,0.12418881725640066,,4,9
Double DQN,double_dqn,0,51,-46.79999999999946,,-1.8391699225604534,250,,0.1256246277618976,,4,9
Double DQN,double_dqn,0,52,-62.20000000000091,,-2.161295311912894,250,,0.14872031598802535,,4,9
Double DQN,double_dqn,0,53,-66.39999999999966,,-3.1697287136912347,250,,0.13973955005880387,,4,9
Double DQN,double_dqn,0,54,0.8000000000035641,,-0.18932319114357232,250,,0.12483501788829604,,4,9
Double DQN,double_dqn,0,55,-49.60000000000076,,-1.270061483167112,250,,0.14482061771882904,,4,9
Double DQN,double_dqn,0,56,-0.5999999999973369,,-0.2868584820404649,250,,0.15062025297553308,,4,9
Double DQN,double_dqn,0,57,-52.400000000001164,,-3.0022121356464924,250,,0.14694282329744762,,4,9
Double DQN,double_dqn,0,58,-7.599999999997564,,-0.6905415217578411,250,,0.1403021328151226,,4,9
Double DQN,double_dqn,0,59,-51.0000000000011,,0.8419684774056077,250,,0.13861860435396905,,4,9
Double DQN,double_dqn,0,60,-20.199999999999918,12.179487179486538,-0.16874954991415142,250,250.0,0.16048379915375863,,4,9
Double DQN,double_dqn,0,61,-64.9999999999998,,-3.0198858768343926,250,,0.16855825519277937,,4,9
Double DQN,double_dqn,0,62,19.000000000002004,,0.5673365924358368,250,,0.1732389268375212,,4,9
Double DQN,double_dqn,0,63,-42.599999999997856,,-1.031216093301773,250,,0.15929368635018668,,4,9
Double DQN,double_dqn,0,64,-66.40000000000009,,-3.811246828854084,250,,0.19140599607940642,,4,9
Double DQN,double_dqn,0,65,9.200000000000998,,0.360376691961661,250,,0.1736386836994262,,4,9
Double DQN,double_dqn,0,66,-46.80000000000117,,-2.3951931512355804,250,,0.17497612463851128,,4,9
Double DQN,double_dqn,0,67,55.400000000002024,,0.5383444496300072,250,,0.1667457256052229,,4,9
Double DQN,double_dqn,0,68,-24.39999999999602,,-0.16525213347375392,250,,0.1821460910141468,,4,9
Double DQN,double_dqn,0,69,13.400000000002457,,-0.16839322299696505,250,,0.18173835402916347,,4,9
Double DQN,double_dqn,0,70,-70.60000000000053,,0.09944615998864174,250,,0.17120025739554437,,4,9
Double DQN,double_dqn,0,71,-52.39999999999698,,-1.1915644224938005,250,,0.1718894923253665,,4,9
Double DQN,double_dqn,0,72,-39.79999999999941,,1.4560826240386815,250,,0.20285032196871697,,4,9
Double DQN,double_dqn,0,73,-17.39999999999577,,-0.7748295610696078,250,,0.19728303085716944,,4,9
Double DQN,double_dqn,0,74,51.20000000000139,,0.9692057629823685,250,,0.20482378501084544,,4,9
Double DQN,double_dqn,0,75,25.99999999999868,,-0.23677229338884354,250,,0.19780109124997305,,4,9
Double DQN,double_dqn,0,76,-18.79999999999592,,-1.18710414057225,250,,0.24290269541163598,,4,9
Double DQN,double_dqn,0,77,-15.999999999996035,,-0.5010137729048729,250,,0.2277740237731782,,4,9
Double DQN,double_dqn,0,78,24.59999999999686,,0.15060711060091853,250,,0.23868427786134905,,4,9
Double DQN,double_dqn,0,79,21.799999999990433,,1.4502869630903006,250,,0.24729731040341513,,4,9
Double DQN,double_dqn,0,80,46.999999999990706,226.92307692308154,2.858773719917983,250,250.0,0.24073716793810168,,4,9
Double DQN,double_dqn,0,81,-21.59999999999689,,0.31722324388846757,250,,0.2526085050333114,,4,9
Double DQN,double_dqn,0,82,74.99999999999173,,1.224982642918825,250,,0.2480779165221799,,4,9
Double DQN,double_dqn,0,83,-71.99999999999929,,-4.923482836544514,250,,0.26941523310684024,,4,9
Double DQN,double_dqn,0,84,21.80000000000242,,2.6691750010810793,250,,0.26858265193239333,,4,9
Double DQN,double_dqn,0,85,-27.199999999996223,,-2.9569555929899214,250,,0.29272400788844577,,4,9
Double DQN,double_dqn,0,86,30.19999999999593,,2.8976400070786474,250,,0.24311654822480294,,4,9
Double DQN,double_dqn,0,87,66.59999999999127,,3.003244713783264,250,,0.28246250180971055,,4,9
Double DQN,double_dqn,0,88,2.8000000000015035,,-0.9373690045882608,107,,0.26346028366914165,,4,9
Double DQN,double_dqn,0,89,16.200000000001836,,1.8172569872513413,250,,0.2560521009422484,,4,9
Double DQN,double_dqn,0,90,69.3999999999953,,2.234604457177222,250,,0.2584141113104359,,4,9
Double DQN,double_dqn,0,91,164.59999999999866,,3.5818268530368806,250,,0.26457240444327157,,4,9
Double DQN,double_dqn,0,92,39.9999999999869,,-0.8773796090185643,250,,0.2718008412949501,,4,9
Double DQN,double_dqn,0,93,110.00000000000074,,3.356497927322984,250,,0.2823161504098347,,4,9
Double DQN,double_dqn,0,94,49.79999999999184,,3.9466992191076278,250,,0.2852668608388593,,4,9
Double DQN,double_dqn,0,95,34.39999999998663,,0.6365332134068012,250,,0.2799652691871401,,4,9
Double DQN,double_dqn,0,96,139.39999999999714,,4.491127276659012,250,,0.2871273729589678,,4,9
Double DQN,double_dqn,0,97,0.8000000000035925,,3.947357738554478,250,,0.28893607902148416,,4,9
Double DQN,double_dqn,0,98,115.5999999999971,,3.950650979042053,250,,0.2725768944909496,,4,9
Double DQN,double_dqn,0,99,93.20000000000125,,3.6461893566250803,250,,0.2640083555191282,,4,9
Double DQN,double_dqn,0,100,63.79999999999177,169.2307692307742,4.491456123232841,250,250.0,0.30592148534713254,,4,9
Double DQN,double_dqn,0,101,2.2000000000038895,,3.197665806442499,250,,0.2798844731989361,,4,9
Double DQN,double_dqn,0,102,7.800000000003799,,3.3687480592131616,250,,0.28397868189119524,,4,9
Double DQN,double_dqn,0,103,30.20000000000315,,4.451245361819863,250,,0.2736180169241769,,4,9
Double DQN,double_dqn,0,104,107.1999999999972,,4.562958942532539,250,,0.28477287112224486,,4,9
Double DQN,double_dqn,0,105,61.000000000001364,,3.4505468176603316,250,,0.3162824667635418,,4,9
Double DQN,double_dqn,0,106,129.59999999999414,,4.860098948299885,250,,0.31298685530501025,,4,9
Double DQN,double_dqn,0,107,154.7999999999959,,5.422020993471145,250,,0.30315648421408636,,4,9
Double DQN,double_dqn,0,108,129.59999999999525,,4.544922647535801,250,,0.3521023683490292,,4,9
Double DQN,double_dqn,0,109,-4.799999999995968,,0.6216326012089849,250,,0.32424752532489715,,4,9
Double DQN,double_dqn,0,110,-10.399999999996155,,3.340543452143669,250,,0.3442336046887982,,4,9
Double DQN,double_dqn,0,111,-36.99999999999582,,-3.24186968421936,250,,0.32231122586462235,,4,9
Double DQN,double_dqn,0,112,107.19999999999982,,6.500726438522339,250,,0.3522434929205525,,4,9
Double DQN,double_dqn,0,113,156.19999999999607,,5.9541904116868976,250,,0.3750641487893604,,4,9
Double DQN,double_dqn,0,114,49.800000000002306,,6.015827643871307,250,,0.36917665961288637,,4,9
Double DQN,double_dqn,0,115,114.19999999999669,,6.038356875933707,250,,0.3517410026656257,,4,9
Double DQN,double_dqn,0,116,31.599999999997415,,0.8790171151161194,250,,0.42257892316387546,,4,9
Double DQN,double_dqn,0,117,66.599999999993,,5.8840540872812275,250,,0.3645731021487524,,4,9
Double DQN,double_dqn,0,118,-17.399999999995828,,5.348914337754249,250,,0.37039838082367377,,4,9
Double DQN,double_dqn,0,119,95.99999999999989,,6.5913522811979055,250,,0.36280362000541083,,4,9
Double DQN,double_dqn,0,120,39.99999999999034,182.05128205128696,6.285494639456272,250,250.0,0.4054924547672272,,4,9
Double DQN,double_dqn,0,121,133.79999999999524,,5.939077687680721,250,,0.3785908801688088,,4,9
Double DQN,double_dqn,0,122,171.59999999999914,,7.324090696334839,250,,0.39827878532871125,,4,9
Double DQN,double_dqn,0,123,84.80000000000125,,5.339883532285691,250,,0.36793892842436593,,4,9
Double DQN,double_dqn,0,124,133.799999999995,,6.887722948297858,250,,0.4436050480411899,,4,9
Double DQN,double_dqn,0,125,56.8000000000007,,6.620572579026223,250,,0.42079845922333853,,4,9
Double DQN,double_dqn,0,126,95.99999999999478,,7.18180364048481,250,,0.40338592591785616,,4,9
Double DQN,double_dqn,0,127,73.59999999999178,,4.55716730453074,250,,0.41824196586533197,,4,9
Double DQN,double_dqn,0,128,109.99999999999778,,8.055296119600534,250,,0.48565639555454254,,4,9
Double DQN,double_dqn,0,129,79.19999999999833,,7.5545621595382695,250,,0.4806327252160935,,4,9
Double DQN,double_dqn,0,130,98.79999999999724,,7.6280545486211775,250,,0.4482076624708791,,4,9
Double DQN,double_dqn,0,131,-46.79999999999665,,-5.247052725076675,250,,0.4544773995876312,,4,9
Double DQN,double_dqn,0,132,158.99999999999628,,8.461811906814575,250,,0.47639881410906393,,4,9
Double DQN,double_dqn,0,133,137.99999999999736,,8.300345707893372,250,,0.47070496517514426,,4,9
Double DQN,double_dqn,0,134,129.59999999999783,,8.03423830808699,250,,0.47776021495942145,,4,9
Double DQN,double_dqn,0,135,137.99999999999483,,8.40452601671219,250,,0.482114650427349,,4,9
Double DQN,double_dqn,0,136,147.79999999999714,,9.26392244720459,250,,0.5337766730977643,,4,9
Double DQN,double_dqn,0,137,-39.79999999999547,,4.438420981884002,250,,0.5116972279927087,,4,9
Double DQN,double_dqn,0,138,51.199999999993196,,7.967447870671749,250,,0.5082412088109601,,4,9
Double DQN,double_dqn,0,139,135.19999999999698,,9.739314217090607,250,,0.5001211700931428,,4,9
Double DQN,double_dqn,0,140,70.7999999999914,361.5384615384592,8.166242162406444,250,250.0,0.5552945425433498,,4,9
Double DQN,double_dqn,0,141,140.7999999999948,,10.176933592319488,250,,0.5693874042185526,,4,9
Double DQN,double_dqn,0,142,21.20000000000045,,5.94073098171048,82,,0.5556247726082801,,4,9
Double DQN,double_dqn,0,143,143.59999999999724,,10.546970452308654,250,,0.5518048410377805,,4,9
Double DQN,double_dqn,0,144,130.99999999999676,,10.552012434959412,250,,0.5303130558421535,,4,9
Double DQN,double_dqn,0,145,163.19999999999777,,11.253512035369873,250,,0.5435667037963867,,4,9
Double DQN,double_dqn,0,146,133.79999999999643,,10.502514006614685,250,,0.5537265385350874,,4,9
Double DQN,double_dqn,0,147,161.79999999999845,,10.621572442054749,250,,0.5484096393698737,,4,9
Double DQN,double_dqn,0,148,21.800000000002925,,9.044093146130443,250,,0.5282237486493203,,4,9
Double DQN,double_dqn,0,149,171.59999999999786,,11.06559308195114,250,,0.5537716221241724,,4,9
Double DQN,double_dqn,0,150,150.59999999999815,,11.342682325363159,250,,0.5770215098896334,,4,9
Mellowmax DQN,mellowmax,0,1,-72.00000000000057,,0.03449647380411625,250,,,5.0,4,9
Mellowmax DQN,mellowmax,0,2,-73.40000000000033,,0.03518029611557722,250,,,5.0,4,9
Mellowmax DQN,mellowmax,0,3,-24.200000000000024,,-0.10208387401430531,94,,0.08327526582971863,5.0,4,9
Mellowmax DQN,mellowmax,0,4,-92.99999999999966,,-0.21997921353578567,250,,0.06591170086037546,5.0,4,9
Mellowmax DQN,mellowmax,0,5,-49.60000000000088,,-0.3038349009305239,250,,0.06720898111140536,5.0,4,9
Mellowmax DQN,mellowmax,0,6,-83.8000000000005,,-0.5526668681305343,236,,0.05857837730545109,5.0,4,9
Mellowmax DQN,mellowmax,0,7,-73.4000000000002,,-0.39452405169792476,250,,0.04557452200069314,5.0,4,9
Mellowmax DQN,mellowmax,0,8,-92.99999999999983,,-0.6063230901584029,250,,0.04330196102420168,5.0,4,9
Mellowmax DQN,mellowmax,0,9,-83.20000000000056,,-0.6073143691308797,250,,0.04823259601280803,5.0,4,9
Mellowmax DQN,mellowmax,0,10,-90.20000000000019,,-0.8470912909545004,250,,0.04640710890112865,5.0,4,9
Mellowmax DQN,mellowmax,0,11,-90.2000000000002,,-0.8675228581652046,250,,0.04167497232704172,5.0,4,9
Mellowmax DQN,mellowmax,0,12,-74.79999999999998,,-0.8103920483440161,250,,0.0391919250870424,5.0,4,9
Mellowmax DQN,mellowmax,0,13,-86.00000000000071,,-0.8711416621506214,250,,0.04345641376835013,5.0,4,9
Mellowmax DQN,mellowmax,0,14,-73.40000000000063,,-0.9242868668213486,250,,0.04768933581128236,5.0,4,9
Mellowmax DQN,mellowmax,0,15,-26.39999999999994,,-0.6738165286539985,82,,0.04221950223048528,5.0,4,9
Mellowmax DQN,mellowmax,0,16,-77.60000000000062,,-0.7936389721557497,250,,0.038538090629322876,5.0,4,9
Mellowmax DQN,mellowmax,0,17,-73.40000000000052,,-1.2271824597120284,250,,0.03884293983084342,5.0,4,9
Mellowmax DQN,mellowmax,0,18,-87.40000000000077,,-1.3894426841139793,250,,0.04555907345286781,5.0,4,9
Mellowmax DQN,mellowmax,0,19,-87.4000000000008,,-1.5566798030789941,250,,0.04530780171118085,5.0,4,9
Mellowmax DQN,mellowmax,0,20,-80.40000000000063,-83.97435897435844,-1.3772970974128693,250,250.0,0.037396232672636545,5.0,4,9
Mellowmax DQN,mellowmax,0,21,-72.00000000000047,,-1.1743620023131371,250,,0.044585590856888936,5.0,4,9
Mellowmax DQN,mellowmax,0,22,-88.8000000000007,,-1.5321766109298915,250,,0.05254055971219655,5.0,4,9
Mellowmax DQN,mellowmax,0,23,-83.2000000000007,,-1.7356825157254934,250,,0.052176954816021616,5.0,4,9
Mellowmax DQN,mellowmax,0,24,-81.80000000000072,,-1.821101971745491,250,,0.050471005120104356,5.0,4,9
Mellowmax DQN,mellowmax,0,25,-91.59999999999997,,-1.9257938290536403,250,,0.04077372587625942,5.0,4,9
Mellowmax DQN,mellowmax,0,26,-77.60000000000028,,-1.3864635585546494,250,,0.04508286263913878,5.0,4,9
Mellowmax DQN,mellowmax,0,27,-66.400000000001,,-1.640946317775175,250,,0.05293777721032264,5.0,4,9
Mellowmax DQN,mellowmax,0,28,-87.40000000000055,,-2.1322081196084617,250,,0.0535459830575893,5.0,4,9
Mellowmax DQN,mellowmax,0,29,-94.3999999999997,,-2.0584572605788707,250,,0.0501526574057246,5.0,4,9
Mellowmax DQN,mellowmax,0,30,-72.00000000000014,,-2.049665964372456,250,,0.06026558106344554,5.0,4,9
Mellowmax DQN,mellowmax,0,31,-73.40000000000026,,-1.7712868731692433,250,,0.06071040350648146,5.0,4,9
Mellowmax DQN,mellowmax,0,32,-8.400000000000109,,-1.1405934174968437,44,,0.0623622059144757,5.0,4,9
Mellowmax DQN,mellowmax,0,33,-76.20000000000026,,-1.7827049964461477,250,,0.06586586260387013,5.0,4,9
Mellowmax DQN,mellowmax,0,34,-56.6000000000003,,-1.4354066544249653,250,,0.06896964599570585,5.0,4,9
Mellowmax DQN,mellowmax,0,35,-56.60000000000119,,-1.8504059124439955,250,,0.08090589805355956,5.0,4,9
Mellowmax DQN,mellowmax,0,36,-43.9999999999959,,-1.4891228455305099,250,,0.07601937580676306,5.0,4,9
Mellowmax DQN,mellowmax,0,37,-42.60000000000042,,-1.8050585001558066,250,,0.07897679399578802,5.0,4,9
Mellowmax DQN,mellowmax,0,38,-73.40000000000055,,-1.8879582024216652,250,,0.07493209761996118,5.0,4,9
Mellowmax DQN,mellowmax,0,39,-72.00000000000068,,-2.5034580759331586,250,,0.1031249956858735,5.0,4,9
Mellowmax DQN,mellowmax,0,40,-66.40000000000052,25.000000000001663,-2.3927725289426744,250,250.0,0.07914927034150987,5.0,4,9
Mellowmax DQN,mellowmax,0,41,-46.799999999998974,,-2.0816608129143717,250,,0.08750883537915445,5.0,4,9
Mellowmax DQN,mellowmax,0,42,-0.5999999999962995,,-1.8372975137457253,250,,0.07689370336158881,5.0,4,9
Mellowmax DQN,mellowmax,0,43,-77.60000000000069,,-3.420955280125141,250,,0.09280033181271245,5.0,4,9
Mellowmax DQN,mellowmax,0,44,-42.60000000000068,,-1.9454351101368665,250,,0.07851639227379882,5.0,4,9
Mellowmax DQN,mellowmax,0,45,-60.80000000000051,,-2.848484590649605,250,,0.0836726316220818,5.0,4,9
Mellowmax DQN,mellowmax,0,46,-20.199999999997246,,-2.4247230765149,250,,0.07799456614468779,5.0,4,9
Mellowmax DQN,mellowmax,0,47,-59.40000000000097,,-2.60743953634426,250,,0.09958678892543239,5.0,4,9
Mellowmax DQN,mellowmax,0,48,-36.99999999999919,,-2.91595838393271,250,,0.08899165825947883,5.0,4,9
Mellowmax DQN,mellowmax,0,49,-69.20000000000064,,-3.527777618199587,250,,0.09016806379921975,5.0,4,9
Mellowmax DQN,mellowmax,0,50,-55.199999999998234,,-2.1183889184370637,250,,0.09171735619505246,5.0,4,9
Mellowmax DQN,mellowmax,0,51,-80.40000000000072,,-3.966447509407997,250,,0.09467894421710123,5.0,4,9
Mellowmax DQN,mellowmax,0,52,-42.59999999999989,,-2.5723568829223513,250,,0.10272704455114547,5.0,4,9
Mellowmax DQN,mellowmax,0,53,-60.80000000000052,,-3.173257121630013,250,,0.09584960921276961,5.0,4,9
Mellowmax DQN,mellowmax,0,54,-56.600000000000584,,-2.565223369948566,250,,0.09646713863762599,5.0,4,9
Mellowmax DQN,mellowmax,0,55,-56.600000000000854,,-2.39012615063414,250,,0.10396993064111279,5.0,4,9
Mellowmax DQN,mellowmax,0,56,-63.60000000000024,,-3.669732622399926,250,,0.11059414453449704,5.0,4,9
Mellowmax DQN,mellowmax,0,57,39.999999999995865,,-2.1909938261061908,250,,0.10940322183793591,5.0,4,9
Mellowmax DQN,mellowmax,0,58,-45.399999999996766,,-4.14151147031784,250,,0.09838317482480927,5.0,4,9
Mellowmax DQN,mellowmax,0,59,27.400000000001675,,-2.050217009216547,250,,0.11989243406682246,5.0,4,9
Mellowmax DQN,mellowmax,0,60,-11.799999999999457,140.3846153846201,-1.7912148785293103,250,250.0,0.11520942566650254,5.0,4,9
Mellowmax DQN,mellowmax,0,61,37.20000000000306,,-1.776918807476759,250,,0.12273576687420568,5.0,4,9
Mellowmax DQN,mellowmax,0,62,-24.39999999999754,,-2.296661920569837,250,,0.11206885291233895,5.0,4,9
Mellowmax DQN,mellowmax,0,63,-24.999999999999936,,-3.558152232368787,75,,0.1192616836892234,5.0,4,9
Mellowmax DQN,mellowmax,0,64,48.40000000000014,,-0.6174206263534725,250,,0.14667595970252204,5.0,4,9
Mellowmax DQN,mellowmax,0,65,33.00000000000314,,-1.3802241593413056,250,,0.12388145635204931,5.0,4,9
Mellowmax DQN,mellowmax,0,66,20.40000000000179,,-1.0462914899457245,250,,0.1335515942838457,5.0,4,9
Mellowmax DQN,mellowmax,0,67,58.20000000000006,,-0.6659270355831832,250,,0.13650679828659182,5.0,4,9
Mellowmax DQN,mellowmax,0,68,130.99999999999716,,-0.7814805940631777,250,,0.14902606819357192,5.0,4,9
Mellowmax DQN,mellowmax,0,69,-55.19999999999516,,-4.517737520068884,250,,0.13592485590807854,5.0,4,9
Mellowmax DQN,mellowmax,0,70,-3.4000000000039847,,-4.107402238160372,250,,0.14349123445295153,5.0,4,9
Mellowmax DQN,mellowmax,0,71,60.99999999999058,,-2.3437239489927886,250,,0.14026684614439164,5.0,4,9
Mellowmax DQN,mellowmax,0,72,21.799999999988245,,-3.617685976065695,250,,0.14921988582327253,5.0,4,9
Mellowmax DQN,mellowmax,0,73,3.599999999986565,,-0.827373674839735,250,,0.1541888027662231,5.0,4,9
Mellowmax DQN,mellowmax,0,74,10.600000000002254,,-1.4422582696080208,250,,0.1510581863777978,5.0,4,9
Mellowmax DQN,mellowmax,0,75,83.39999999999017,,-2.3543409071043135,250,,0.1534364583992189,5.0,4,9
Mellowmax DQN,mellowmax,0,76,115.59999999999235,,-1.7583168454654514,250,,0.17253775705420782,5.0,4,9
Mellowmax DQN,mellowmax,0,77,-46.79999999999536,,-5.400473717033863,250,,0.16713399740476761,5.0,4,9
Mellowmax DQN,mellowmax,0,78,30.199999999986346,,-2.7245147955715656,250,,0.1585627244341941,5.0,4,9
Mellowmax DQN,mellowmax,0,79,44.199999999996415,,-1.1044934716671706,250,,0.16490658096248104,5.0,4,9
Mellowmax DQN,mellowmax,0,80,31.599999999988228,374.35897435896214,-3.7353376954644917,250,250.0,0.17437941876668778,5.0,4,9
Mellowmax DQN,mellowmax,0,81,26.000000000001762,,-1.2883428277671336,250,,0.18158471656422462,5.0,4,9
Mellowmax DQN,mellowmax,0,82,9.199999999999427,,-0.9203584940973669,250,,0.16160978388691705,5.0,4,9
Mellowmax DQN,mellowmax,0,83,-6.200000000004906,,-2.9528823290392756,250,,0.18092830166701349,5.0,4,9
Mellowmax DQN,mellowmax,0,84,184.1999999999979,,0.3744028449244797,250,,0.19544910627698142,5.0,4,9
Mellowmax DQN,mellowmax,0,85,70.79999999999117,,-2.4589280535206197,250,,0.1859811318497504,5.0,4,9
Mellowmax DQN,mellowmax,0,86,42.799999999989495,,-3.362892870210111,250,,0.19471942881743112,5.0,4,9
Mellowmax DQN,mellowmax,0,87,122.59999999999903,,-0.39943768763169646,250,,0.18111293726871092,5.0,4,9
Mellowmax DQN,mellowmax,0,88,103.00000000000176,,-0.11842410516738891,250,,0.20084338233111396,5.0,4,9
Mellowmax DQN,mellowmax,0,89,-13.200000000005659,,-5.078899247556925,250,,0.19192793040025619,5.0,4,9
Mellowmax DQN,mellowmax,0,90,95.99999999999062,,-1.7882909827455877,250,,0.19352182497580847,5.0,4,9
Mellowmax DQN,mellowmax,0,91,77.79999999999708,,-0.5584987818449736,250,,0.1997683234512806,5.0,4,9
Mellowmax DQN,mellowmax,0,92,37.200000000002696,,-1.6236666813492775,250,,0.20926398275390504,5.0,4,9
Mellowmax DQN,mellowmax,0,93,-4.3999999999983785,,-3.406380957422348,104,,0.18697884678840637,5.0,4,9
Mellowmax DQN,mellowmax,0,94,41.39999999998717,,-3.1628854380249978,250,,0.21281861850330908,5.0,4,9
Mellowmax DQN,mellowmax,0,95,34.39999999998764,,-0.5314599149823189,250,,0.23000238007969326,5.0,4,9
Mellowmax DQN,mellowmax,0,96,79.19999999999382,,-1.6972539117261767,250,,0.23425122506676183,5.0,4,9
Mellowmax DQN,mellowmax,0,97,-49.600000000000264,,-5.783987111806869,250,,0.2433714440890721,5.0,4,9
Mellowmax DQN,mellowmax,0,98,52.59999999998773,,0.5038126119375229,250,,0.2511763714494244,5.0,4,9
Mellowmax DQN,mellowmax,0,99,63.7999999999945,,-0.8782937499284744,250,,0.2551474675299629,5.0,4,9
Mellowmax DQN,mellowmax,0,100,-34.19999999999605,233.3333333333271,-0.32669522923231126,250,250.0,0.2647977286288815,5.0,4,9
Mellowmax DQN,mellowmax,0,101,107.1999999999944,,-1.2594363958537578,250,,0.24590764963437642,5.0,4,9
Mellowmax DQN,mellowmax,0,102,167.39999999999617,,0.49119049254059793,250,,0.26067324655671276,5.0,4,9
Mellowmax DQN,mellowmax,0,103,-32.799999999995514,,-5.598464296087623,250,,0.25345070541851106,5.0,4,9
Mellowmax DQN,mellowmax,0,104,67.99999999999059,,1.5631840348690749,250,,0.2627129223077528,5.0,4,9
Mellowmax DQN,mellowmax,0,105,56.79999999999414,,-1.011029791969806,250,,0.2579073905944824,5.0,4,9
Mellowmax DQN,mellowmax,0,106,72.20000000000059,,0.7065158888697625,250,,0.2775429367057739,5.0,4,9
Mellowmax DQN,mellowmax,0,107,59.59999999999181,,-2.974552531182766,250,,0.2497319174664361,5.0,4,9
Mellowmax DQN,mellowmax,0,108,-42.59999999999546,,-6.531899896562099,250,,0.2597990680125452,5.0,4,9
Mellowmax DQN,mellowmax,0,109,60.99999999998914,,1.5524796208068727,250,,0.27322150577628423,5.0,4,9
Mellowmax DQN,mellowmax,0,110,59.599999999990104,,0.7208618188947439,250,,0.28148692341581466,5.0,4,9
Mellowmax DQN,mellowmax,0,111,12.000000000001101,,-2.330143820125978,91,,0.27831083017846814,5.0,4,9
Mellowmax DQN,mellowmax,0,112,41.399999999987315,,1.102101970348507,250,,0.28072634362985216,5.0,4,9
Mellowmax DQN,mellowmax,0,113,48.3999999999906,,-1.2507287824749946,250,,0.2773590568573244,5.0,4,9
Mellowmax DQN,mellowmax,0,114,13.400000000003324,,1.187949579179287,250,,0.301226830671704,5.0,4,9
Mellowmax DQN,mellowmax,0,115,-41.19999999999752,,-6.726932038933039,250,,0.28370347186442346,5.0,4,9
Mellowmax DQN,mellowmax,0,116,9.200000000003712,,1.9183924070447684,250,,0.2817147206219416,5.0,4,9
Mellowmax DQN,mellowmax,0,117,56.80000000000018,,0.8579146117009222,250,,0.3241538756316708,5.0,4,9
Mellowmax DQN,mellowmax,0,118,-38.39999999999561,,-6.978723333358765,250,,0.30094751266259995,5.0,4,9
Mellowmax DQN,mellowmax,0,119,18.999999999996618,,0.5733662340641021,250,,0.29261245410288533,5.0,4,9
Mellowmax DQN,mellowmax,0,120,17.599999999992917,323.0769230769255,-4.989864218592643,250,250.0,0.29267656637562645,5.0,4,9
Mellowmax DQN,mellowmax,0,121,79.19999999999166,,-2.094157051950693,250,,0.32627939721268995,5.0,4,9
Mellowmax DQN,mellowmax,0,122,94.59999999999168,,-0.1982044265270233,250,,0.2751003439937319,5.0,4,9
Mellowmax DQN,mellowmax,0,123,165.99999999999642,,1.8960364548116921,250,,0.28900387714947423,5.0,4,9
Mellowmax DQN,mellowmax,0,124,51.19999999998814,,0.7559340322762728,250,,0.2968256596534971,5.0,4,9
Mellowmax DQN,mellowmax,0,125,81.99999999999184,,0.6560954420492053,250,,0.29489551628789595,5.0,4,9
Mellowmax DQN,mellowmax,0,126,83.39999999999014,,-2.2277903522253037,250,,0.3037757904283584,5.0,4,9
Mellowmax DQN,mellowmax,0,127,160.39999999999637,,2.094865278661251,250,,0.322795222122823,5.0,4,9
Mellowmax DQN,mellowmax,0,128,132.39999999999407,,1.4559273158609867,250,,0.3126731812953949,5.0,4,9
Mellowmax DQN,mellowmax,0,129,14.799999999988472,,-3.739541881561279,250,,0.3496481475810851,5.0,4,9
Mellowmax DQN,mellowmax,0,130,163.19999999999658,,2.838186616361141,250,,0.34199516167716376,5.0,4,9
Mellowmax DQN,mellowmax,0,131,19.000000000003453,,-0.4067567582279444,250,,0.3392837497015153,5.0,4,9
Mellowmax DQN,mellowmax,0,132,28.79999999999106,,-2.590662999764085,250,,0.3331791753806765,5.0,4,9
Mellowmax DQN,mellowmax,0,133,79.19999999999409,,-0.31508630380779507,250,,0.3353055487236669,5.0,4,9
Mellowmax DQN,mellowmax,0,134,24.59999999998658,,-4.825248923301697,250,,0.35116409829684664,5.0,4,9
Mellowmax DQN,mellowmax,0,135,132.3999999999936,,1.5981504436731337,250,,0.33777364247268243,5.0,4,9
Mellowmax DQN,mellowmax,0,136,-38.39999999999545,,-7.558284024715424,250,,0.3555346400964828,5.0,4,9
Mellowmax DQN,mellowmax,0,137,9.200000000003747,,0.5418393056243658,250,,0.3540175324005465,5.0,4,9
Mellowmax DQN,mellowmax,0,138,133.79999999999598,,2.0913700111806395,250,,0.3257446177895107,5.0,4,9
Mellowmax DQN,mellowmax,0,139,161.79999999999637,,2.950941657960415,250,,0.31179023461957134,5.0,4,9
Mellowmax DQN,mellowmax,0,140,163.199999999995,393.5897435897317,1.7172592650055885,250,250.0,0.3198512310073489,5.0,4,9
Mellowmax DQN,mellowmax,0,141,51.199999999988144,,1.3726399802565574,250,,0.3447293225795992,5.0,4,9
Mellowmax DQN,mellowmax,0,142,65.1999999999909,,-1.1590148336291313,250,,0.3422524096473815,5.0,4,9
Mellowmax DQN,mellowmax,0,143,-0.5999999999993548,,-5.776329602479935,250,,0.3495228615018629,5.0,4,9
Mellowmax DQN,mellowmax,0,144,2.1999999999926843,,-5.276741143941879,250,,0.3072541930845806,5.0,4,9
Mellowmax DQN,mellowmax,0,145,142.1999999999952,,2.089259488761425,250,,0.3629146528340155,5.0,4,9
Mellowmax DQN,mellowmax,0,146,6.399999999987699,,-5.006399751372635,250,,0.35670201196557,5.0,4,9
Mellowmax DQN,mellowmax,0,147,65.20000000000124,,0.8011358697861433,250,,0.34586551280752303,5.0,4,9
Mellowmax DQN,mellowmax,0,148,91.7999999999999,,2.0300543794184924,250,,0.33765395387770636,5.0,4,9
Mellowmax DQN,mellowmax,0,149,39.999999999988674,,-2.983153033733368,250,,0.3512431500900176,5.0,4,9
Mellowmax DQN,mellowmax,0,150,55.399999999988154,,2.3682961579635737,250,,0.32389189846931943,5.0,4,9
